{
    "root_group": {
        "name": "",
        "path": "",
        "id": "d41d8cd98f00b204e9800998ecf8427e",
        "groups": {},
        "checks": {
                "status is accepted": {
                    "name": "status is accepted",
                    "path": "::status is accepted",
                    "id": "7cd4dbf32be5838167e64fd5be3f5f91",
                    "passes": 539994,
                    "fails": 1
                }
            }
    },
    "metrics": {
        "http_req_waiting": {
            "med": 235.0666,
            "max": 2083.8676,
            "p(90)": 244.46016,
            "p(95)": 257.28422,
            "avg": 240.05533112121137,
            "min": 222.9383
        },
        "http_req_receiving": {
            "p(90)": 0.4971,
            "p(95)": 0.747,
            "avg": 0.10533195955518147,
            "min": 0,
            "med": 0,
            "max": 1170.2285
        },
        "vus": {
            "value": 12,
            "min": 9,
            "max": 39
        },
        "http_req_blocked": {
            "avg": 0.14043125732645673,
            "min": 0,
            "med": 0,
            "max": 623.4208,
            "p(90)": 0,
            "p(95)": 0
        },
        "checks": {
            "passes": 539994,
            "fails": 1,
            "value": 0.9999981481310012
        },
        "dropped_iterations": {
            "count": 5,
            "rate": 0.00046295392271168283,
            "thresholds": {
                "count<1": true
            }
        },
        "http_req_failed": {
            "passes": 1,
            "fails": 539994,
            "thresholds": {
                "rate<0.01": false
            },
            "value": 0.0000018518689987870257
        },
        "iteration_duration": {
            "avg": 240.33355916535885,
            "min": 222.9383,
            "med": 235.1911,
            "max": 2083.8676,
            "p(90)": 244.59962000000002,
            "p(95)": 257.65029
        },
        "iterations": {
            "count": 539995,
            "rate": 49.99856069893904
        },
        "http_req_connecting": {
            "avg": 0.06853010416763124,
            "min": 0,
            "med": 0,
            "max": 247.6635,
            "p(90)": 0,
            "p(95)": 0
        },
        "http_req_duration": {
            "avg": 240.16942781488405,
            "min": 222.9383,
            "med": 235.1661,
            "max": 2083.8676,
            "p(90)": 244.55456,
            "p(95)": 257.42404,
            "thresholds": {
                "p(95)<1000": false
            }
        },
        "http_reqs": {
            "count": 539995,
            "rate": 49.99856069893904
        },
        "data_sent": {
            "count": 148826936,
            "rate": 13780.002765272115
        },
        "http_req_sending": {
            "min": 0,
            "med": 0,
            "max": 79.8115,
            "p(90)": 0,
            "p(95)": 0,
            "avg": 0.008764734117908499
        },
        "data_received": {
            "count": 228224578,
            "rate": 21131.492728863686
        },
        "vus_max": {
            "value": 55,
            "min": 50,
            "max": 55
        },
        "http_req_duration{expected_response:true}": {
            "avg": 240.1694107401162,
            "min": 222.9383,
            "med": 235.1661,
            "max": 2083.8676,
            "p(90)": 244.5545,
            "p(95)": 257.42408
        },
        "http_req_tls_handshaking": {
            "p(90)": 0,
            "p(95)": 0,
            "avg": 0.06981231603996334,
            "min": 0,
            "med": 0,
            "max": 290.4585
        }
    }
}