{
    "root_group": {
        "checks": {
            "status is accepted": {
                "name": "status is accepted",
                "path": "::status is accepted",
                "id": "7cd4dbf32be5838167e64fd5be3f5f91",
                "passes": 6001,
                "fails": 0
            }
        },
        "name": "",
        "path": "",
        "id": "d41d8cd98f00b204e9800998ecf8427e",
        "groups": {}
    },
    "metrics": {
        "dropped_iterations": {
            "count": 0,
            "rate": 0,
            "thresholds": {
                "count<1": false
            }
        },
        "vus": {
            "value": 12,
            "min": 11,
            "max": 36
        },
        "http_req_connecting": {
            "avg": 1.961171021496417,
            "min": 0,
            "med": 0,
            "max": 254.9381,
            "p(90)": 0,
            "p(95)": 0
        },
        "http_reqs": {
            "count": 6001,
            "rate": 49.91019458498624
        },
        "http_req_duration{expected_response:true}": {
            "med": 235.7105,
            "max": 468.7943,
            "p(90)": 243.2694,
            "p(95)": 246.5105,
            "avg": 237.22379220130009,
            "min": 223.9656
        },
        "http_req_tls_handshaking": {
            "max": 254.6227,
            "p(90)": 0,
            "p(95)": 0,
            "avg": 1.9544995334110984,
            "min": 0,
            "med": 0
        },
        "iterations": {
            "count": 6001,
            "rate": 49.91019458498624
        },
        "data_sent": {
            "count": 1743302,
            "rate": 14499.007172203914
        },
        "http_req_failed": {
            "fails": 6001,
            "passes": 0,
            "thresholds": {
                "rate<0.01": false
            },
            "value": 0
        },
        "http_req_blocked": {
            "min": 0,
            "med": 0,
            "max": 646.9673,
            "p(90)": 0,
            "p(95)": 0,
            "avg": 4.0341673387768715
        },
        "http_req_receiving": {
            "avg": 0.05150526578903517,
            "min": 0,
            "med": 0,
            "max": 6.5099,
            "p(90)": 0,
            "p(95)": 0.5002
        },
        "checks": {
            "passes": 6001,
            "fails": 0,
            "value": 1
        },
        "http_req_duration": {
            "avg": 237.22379220130009,
            "min": 223.9656,
            "med": 235.7105,
            "max": 468.7943,
            "p(90)": 243.2694,
            "p(95)": 246.5105,
            "thresholds": {
                "p(95)<1000": false
            }
        },
        "http_req_sending": {
            "max": 23.584,
            "p(90)": 0,
            "p(95)": 0,
            "avg": 0.02743237793701049,
            "min": 0,
            "med": 0
        },
        "http_req_waiting": {
            "med": 235.6394,
            "max": 468.7943,
            "p(90)": 243.1282,
            "p(95)": 246.4557,
            "avg": 237.14485455757412,
            "min": 223.9656
        },
        "iteration_duration": {
            "min": 223.9656,
            "med": 235.8096,
            "max": 887.0912,
            "p(90)": 243.5547,
            "p(95)": 247.4925,
            "avg": 241.29683701049862
        },
        "vus_max": {
            "value": 50,
            "min": 50,
            "max": 50
        },
        "data_received": {
            "rate": 22943.46943642403,
            "count": 2758630
        }
    }
}