{
    "root_group": {
        "name": "",
        "path": "",
        "id": "d41d8cd98f00b204e9800998ecf8427e",
        "groups": {},
        "checks": {
                "status is accepted": {
                    "id": "7cd4dbf32be5838167e64fd5be3f5f91",
                    "passes": 6000,
                    "fails": 0,
                    "name": "status is accepted",
                    "path": "::status is accepted"
                }
            }
    },
    "metrics": {
        "http_req_blocked": {
            "avg": 4.021710116666667,
            "min": 0,
            "med": 0,
            "max": 647.5515,
            "p(90)": 0,
            "p(95)": 0
        },
        "checks": {
            "passes": 6000,
            "fails": 0,
            "value": 1
        },
        "dropped_iterations": {
            "count": 0,
            "rate": 0,
            "thresholds": {
                "count<1": false
            }
        },
        "http_req_duration{expected_response:true}": {
            "min": 224.0673,
            "med": 234.89415,
            "max": 539.0151,
            "p(90)": 242.78322,
            "p(95)": 246.04122,
            "avg": 236.87041055000046
        },
        "vus": {
            "value": 11,
            "min": 11,
            "max": 35
        },
        "http_reqs": {
            "count": 6000,
            "rate": 49.905274548852454
        },
        "http_req_sending": {
            "max": 7.0096,
            "p(90)": 0,
            "p(95)": 0,
            "avg": 0.007581716666666666,
            "min": 0,
            "med": 0
        },
        "http_req_waiting": {
            "med": 234.7824,
            "max": 539.0151,
            "p(90)": 242.70371,
            "p(95)": 245.84834999999998,
            "avg": 236.75542788333402,
            "min": 223.8078
        },
        "data_sent": {
            "count": 1755090,
            "rate": 14598.041384657576
        },
        "http_req_duration": {
            "min": 224.0673,
            "med": 234.89415,
            "max": 539.0151,
            "p(90)": 242.78322,
            "p(95)": 246.04122,
            "avg": 236.87041055000046,
            "thresholds": {
                "p(95)<1000": false
            }
        },
        "data_received": {
            "count": 2770131,
            "rate": 23040.691348547865
        },
        "iteration_duration": {
            "avg": 240.90123596666717,
            "min": 224.0673,
            "med": 234.99734999999998,
            "max": 879.5844,
            "p(90)": 243.06206,
            "p(95)": 247.408195
        },
        "vus_max": {
            "value": 50,
            "min": 50,
            "max": 50
        },
        "http_req_connecting": {
            "max": 243.1504,
            "p(90)": 0,
            "p(95)": 0,
            "avg": 1.93146575,
            "min": 0,
            "med": 0
        },
        "http_req_failed": {
            "passes": 0,
            "fails": 6000,
            "thresholds": {
                "rate<0.01": false
            },
            "value": 0
        },
        "http_req_tls_handshaking": {
            "p(90)": 0,
            "p(95)": 0,
            "avg": 1.9440197833333328,
            "min": 0,
            "med": 0,
            "max": 243.3307
        },
        "iterations": {
            "count": 6000,
            "rate": 49.905274548852454
        },
        "http_req_receiving": {
            "avg": 0.10740094999999998,
            "min": 0,
            "med": 0,
            "max": 4.9995,
            "p(90)": 0.5645700000000002,
            "p(95)": 0.7928650000000002
        }
    }
}